{
    "feature": {
        "type": "minecraft:ore",
        "config": {
            "size": 0,
            "discard_chance_on_air_exposure": 0,
            "targets": [
                {
                    "target": {
                        "predicate_type": "minecraft:tag_match",
                        "tag": "minecraft:stone_ore_replaceables"
                    },
                    "state": {
                        "Name": "bigreactors:yellorite_ore"
                    }
                }
            ]
        }
    },
    "placement": [
        {
            "type": "count",
            "count": {
                "type": "constant",
                "value": 0
            }
        },
        {
            "type": "in_square"
        },
        {
            "type": "height_range",
            "height": {
                "type": "uniform",
                "min_inclusive": {
                    "above_bottom": 0,
                    "absolute": 0,
                    "below_top": 0
                },
                "max_inclusive": {
                    "absolute": 0,
                    "above_bottom": 0,
                    "below_top": 0
                }
            }
        }
    ]
}