{
  "feature": {
    "type": "minecraft:ore",
    "config": {
      "discard_chance_on_air_exposure": 0.0,
      "size": 14,
      "targets": [
        {
          "state": {
            "Name": "create:deepslate_zinc_ore"
          },
          "target": {
            "predicate_type": "minecraft:tag_match",
            "tag": "minecraft:deepslate_ore_replaceables"
          }
        }
      ]
    }
  },
  "placement": [
    {
      "type": "minecraft:count",
      "count": 4
    },
    {
      "type": "minecraft:in_square"
    },
    {
      "type": "minecraft:biome"
    },
    {
      "type": "minecraft:height_range",
      "height": {
        "type": "minecraft:trapezoid",
        "max_inclusive": {
          "absolute": -33
        },
        "min_inclusive": {
          "absolute": -64
        }
      }
    }
  ]
}